abaniko , abaniko
abiso , abiso
abot , abot
agian , agi-an
agsub , agsub
akos , akos
alad , alad
alasid , ala-sid
alingugngog , alingug-ngog
alok , alok
amo la gihapon , amo la gi-hapon
amon kalugaringon , amon ka-lu-ga-ringon
amuma , amuma
anakan , anakan
anti-bespera , an-ti-bespera
antipara , an-ti-pa-ra
arag , arag
arat , arat
arayupan , arayupan
atatado , atatado
atkanan , at-ka-nan
aton kalugaringon , aton ka-lu-ga-ringon
awas , awas
awat , awat
baga , bag-a
baga hin nanay , bag-a hin nanay
bahal , bahal
bahin , ba-hin
bahol , bahol
bakayaw , bakayaw
balanghoy , balang-hoy
balatian , bala-ti-an
balisong , bali-song
balok , balok
bandana , bandana
bangaw , ba-ngaw
bangsaran , bansa-ran
bantad , bantad
bantok , bantok
bantugan , bantu-gan
banug , banug
baring , baring
batakan , bata-kan
batinguran , batingu-ran
batong , batong
bentilador , bentilador
biad , bi-ad
binlud , binlud
bintol , bintol
bugoy , bugoy
bugwas , bug-was
buklad , buk-lad
bukong-bukong , bukong-bukong
bulalo , bu-la-lo
bulok , bulok
bumalik , bumalik
bungto , bung-to
buog , bu-og
buring-ot , buring-ot
busog , bugos
butahan , buta-han
butlaw , but-law
butok , butok
buwa , bu-wa
buwang , bu-wang
buwirte , bu-wirte
daan , da-an
dadangatan , dadanga-tan
danggab , danggab
daogan , da-o-gan
dapig , dapig
daplin , daplin
darawhonon , darawhon-on
dawdaw , daw-daw
dayag , dayag
destino , destino
digos , dig-os
diri angay , diri angay
diri eksakto , diri ek-sak-to
diri impas , diri impas
diri importanti , diri importanti
diri largo , diri largo
diri maaram , diri ma-aram
diri mabarahin , diri ma-ba-ra-hin
diri mahimo , diri ma-himo
diri maimot , diri ma-imot
diri makikalugaringon , diri maki-kalu-garingon
diri matuod , diri matu-od
diri nakaasya , diri naka-asya
diri pag-asi , diri pag-asi
diri pwede , diri pwede
diri takos , diri ta-kos
diri tuod , diri tu-od
distruso , dis-tru-so
duha , du-ha
dulom , du-lom
dumay , du-may
duok , du-ok
duongan , du-ongan
duruongan , duru-ongan
duwendi , du-wen-di
ekipahi , eki-pahi
eridar , eri-dar
eskapo , eskapo
espiso , espiso
gadlaw , gad-law
gahi , ga-hi
gakit , ga-kit
ganggang , gang-gang
gangko , gang-ko
gapil , ga-pil
garam , ga-ram
gasi , ga-si
ginagapilan , gina-ga-pilan
ginikanan , gini-kanan
ginlalaoman , gin-lala-o-man
ginugutom , ginu-gutom
gios , gi-os
girhang , gir-hang
giuurhii , gi-uur-hi-i
gusto , gusto
gutiay nga uding , guti-ay nga uding
hadto , hadto
hakang , ha-kang
hambog , ham-bog
hamtong , ham-tong
hanangon , ha-na-ngon
hangat , hang-at
hanin , hanin
hapdos , hap-dos
haraniay , hara-ni-ay
haring , haring
hawod , hawod
hayag , hayag
hayaw , hayaw
hiluag hin duro , hi-lu-ag hin duro
hiluag nga hangraban , hi-lu-ag nga hang-ra-ban
himaratyan , hima-rat-yan
hin duro , hin duro
hinaut , hina-ut
hingpit nga ideya , hing-pit nga ideya
hipid , hipid
hiripid , hirip-id
hiunong , hi-unong
hiyas , hiyas
huagabos , hua-ga-bos
hubas , hubas
hul-os , hul-os
human , human
hungaw , hungaw
huros , huros
husto , husto
ibi , ibi
idaran , ida-ran
intiendehan , intiendehan
intrasado gud , intrasado gud
irong , irong
itarabon , ita-ra-bon
iwod-iwod , iwod-iwod
kaagi , ka-agi
kaarat , ka-arat
kaatbang , ka-atbang
kabaliktaran , kabalik-taran
kabilin , kabilin
kabir , kabir
kabug-at , kabug-at
kabugawan , kabuga-wan
kabug-os , kabug-os
kaburut-on , kaburut-on
kadaan , kada-an
kadako , kada-ko
kadayonan , kada-yo-nan
kadesidido , ka-desi-di-do
kagis , kagis
kagiyan , kagiyan
kahamtongan , kaham-tongan
kahapnig , kahap-nig
kaharani , kahara-ni
kahasta , kahasta
kahipid , kahip-id
kahisgutan , kahis-gutan
kahitaas , kahi-taas
kaidad , ka-idad
kaidaran , ka-ida-ran
kainahanglanon , ka-ina-hang-la-non
kalagiw , ka-la-giw
kalamukat , kala-mukat
kalaw , kalaw
kalibrehan , ka-lib-rehan
kalinaw , kali-naw
kalipayon , kali-payon
kalkag , kalkag
kalugkog , kalugkog
kaluwasan , kalu-wasan
kamada , kamada
kamamatan , kama-matan
kamanggaran , kamang-garan
kami ngahaw , kami ngahaw
kamotingkahoy , kamoting kahoy
kamurayaw , kamu-rayaw
kamurayawan , kamu-rayaw-an
kangutngot , kangutngot
kapag-ad , kapag-ad
kapalaran , kapalaran
kapanon , kapanon
kapawa , kapa-wa
kapikaw , kapi-kaw
kapoy , kapoy
karat-an , karat-an
karayapan , kara-ya-pan
karetilya , karetilya
karikohan , karikohan
kariton , kariton
karo , karo
karomata , karomata
kasadangan , kasagadangan
kasanhi , kasan-hi
kastigo , kastigo
kasugoan , kasu-go-an
kataliwan , kata-liwan
katapos , katapos
katapusan , katapusan
kathuraw , kat-huraw
katigurangang , kati-gu-rangang
katima , katima
katipunan , katipunan
katuigan , katu-igan
katuraw , ka-turaw
kaul-ol , kaulo-ol
kaurhian , ka-urhi-an
kawang , kawang
kaway , kaway
kawili , kawili
kibido , kibido
kilalado , kilalado
kinasingkasing , kinasing-kasing
kinasing-kasing , kinasing-kasing
kindang-kindang , kindang-kindang
kinto , kinto
kiwa , ki-wa
kopya , kopya
korta , korta
kosi , kosi
kudal , kudal
kugon , kugon
kulang , kulang
kuno-kuno , kuno-kuno
kursunada , kursunada
kuyapan , kuyapan
labag , labag
labaw , labaw
labsag , labsag
lagas , lagas
lagonlagon , lagon-lagon
lahod , lahod
lakatan , lakatan
lalong , lalong
lamrag , lamrag
lansis , lansis
lantugi , lantugi
lanyog , lanyog
laon , laon
lapinig , lapinig
larang , larang
latagaw , latagaw
libong , libong
ligwan , ligwan
lihog , lihog
lihok , lihok
lirikduan , lirikdu-an
listahan , lista-han
liwas , liwas
lubnganan , lub-nga-nan
lugod , lugod
lugpit , lugpit
lumalabay , lumalabay
lupokon , lupokon
lupot , lupot
lusakon , lusakon
luta , luta
luyat , luyat
maabayaw , ma-abayaw
maabtik , ma-abtik
maabugho , maabugho
maanga , maanga
maanyag , maanyag
maaringabngab , maaringabngab
maatohon , maatohon
maawa , maawa
mabaho , mabaho
mabangis , mabangis
mabaska , mabaska
mabidoon , mabidoon
mabiritbit , mabiritbit
mabudlay , mabudlay
mabuligon , mabuligon
maburigo , maburigo
madagmit , madagmit
madaparap , madaparap
madawdaw , madawdaw
madismayo , madismayo
madulom , madulom
madurungog , madurungog
maestra , maestra
maestro , maestro
mag-aga nga pag-bantay , mag-aga nga pag-bantay
mag-asawa , mag-asawa
magbarantay , magbarantay
magil-ad , magil-ad
mag-ilaw , mag-ilaw
magirhat , magirhat
magpareho , magpareho
magsando , magsando
magsurulay , magsurulay
magtalaamay , magtalaamay
magtala-iroy , magtala-iroy
magturupong , magturupong
mahabughat , mahabughat
mahadara , mahadara
mahatagon , mahatagon
mahatungod , mahatungod
mahaupod , mahaupod
mahimuroy , mahimuroy
mahinangpot , mahinangpot
mahinulsolon , mahinulsolon
mailiw , mailiw
makagarahom , makagarahom
makangingirhat , makangingirhat
makapoy , makapoy
makapupungot , makapupungot
makaranas , makaranas
makarit , makarit
makatadongan , makatadongan
makauurit , makauurit
makinista , makinista
makugi gud , makugi gud
malagay , malagay
malaksi , malaksi
malamiri , malamiri
malamrag , malamrag
malandaw , malandaw
maldito , maldito
malipong , malipong
malubay , malubay
malubog , malubog
maluwas , maluwas
mamaratayon , mamaratayon
mamban , mamban
mampara , mampara
mando , mando
mangandoy , mangandoy
mangaranop , mangaranop
manggad , manggad
maniwang , maniwang
manlandawan , manlandawan
mantika , mantika
mapasado , mapasado
mapaspas , mapaspas
mapintas , mapintas
maragamit , maragamit
marighom , marighom
maringbit , maringbit
marisyo , marisyo
marka , marka
masaba , masaba
masanag , masanag
masinahon , masinahon
masirom , masirom
masukot , masukot
masulub-on , masulub-on
masumo , masumo
masunson , masunson
masupilon , masupilon
matahom , matahom
matalwas , matalwas
matarantar , matarantar
matibagsik , matibagsik
matibaksi , matibaksi
matupong , matupong
mauba , mauba
maudong , maudong
maupay nga pamati , maupay nga pamati
may rason , may rason
miki , miki
mikrobyo , mikrobyo
mismo ngahaw , mismo ngahaw
moroso , moroso
muko-buko , muko-buko
nakuha , nakuha
napwesto , napwesto
natapos , natapos
nawong , nawong
nuruniyan , nuruniyan
organisasyon , organisasyon
paagi , pa-agi
paaliday , paaliday
pabalon , pabalon
pag-abat , pag-abat
pag-aberiya , pag-aberiya
pag-abiso , pag-abiso
pag-aburido , pag-aburido
pag-agay , pag-agay
pag-aghat , pag-aghat
pag-agom , pag-agom
pag-agwanta , pag-agwanta
pagal , pagal
pag-alagad , pag-alagad
pag-alakapa , pag-alakapa
pag-alaswerti , pag-alaswerti
pag-alayon , pag-alayon
pagalinghod , pagalinghod
pag-ambak , pag-ambak
pag-andak , pag-andak
pag-anga , pag-anga
pag-angbit , pag-angbit
pag-angkap , pag-angkap
pag-angkon , pag-angkon
pag-antos , pag-antos
pag-antos , pag-antos
pag-api , pag-api
pag-apura , pag-apura
pag-aring , pag-aring
pag-ariya , pag-ariya
pag-asikaso , pag-asikaso
pag-ataman , pag-ataman
pag-atras , pag-atras
pag-away , pag-away
pag-ayat , pag-ayat
pagbadbad , pagbadbad
pagbahit , pagbahit
pagbaktas , pagbaktas
pag-bakyaw , pag-bakyaw
pagbalabag , pagbalabag
pagbalik , pagbalik
pagbalingkot , pagbalingkot
pagbalios , pagbalios
pagbali-waray , pagbali-waray
pag-balos , pag-balos
pagbangga , pagbangga
pagbanggo , pagbanggo
pagbantad , pagbantad
pagbanyos , pagbanyos
pagbasol , pagbasol
pagbati , pagbati
pag-baya , pag-baya
pagbiknit , pagbiknit
pagbiling , pagbiling
pagbinaribaray , pagbinaribaray
pagbingbing , pagbingbing
pagbinwit , pagbinwit
pagbista , pagbista
pagbitbit , pagbitbit
pagbuhat , pagbuhat
pagbuhos , pagbuhos
pagbula , pagbula
pagbulig , pagbulig
pagbulkas , pagbulkas
pagbunak , pagbunak
pagbuntol , pagbuntol
pagbuong , pagbuong
pagbutnga , pagbutnga
pagbuyayaw , pagbuyayaw
pagdagdag , pagdagdag
pagdanas , pagdanas
pagdasok , pagdasok
pagdebati , pagdebati
pagdehar , pagdehar
pagdesider , pagdesider
pagdihog , pagdihog
pagdiri , pagdiri
pagdistruso , pagdistruso
pagdisturbo , pagdisturbo
pagdukit , pagdukit
pagduldoy , pagduldoy
pagdulot , pagdulot
pagdumara , pagdumara
pag-dumot , pag-dumot
pagdungog , pagdungog
pagduplikar , pagduplikar
pagdurugas , pagdurugas
pag-eksamen , pag-eksamen
paggagad , paggagad
paggahos , paggahos
paggamol , paggamol
paggawas , paggawas
paggawi , paggawi
paggimaw , paggimaw
paggipurupakiana , paggipurupakiana
paggisi , paggisi
paggiya , paggiya
paggulgol , paggulgol
paggunit , paggunit
pag-gunting , pag-gunting
paggusi , paggusi
pagguyod , pagguyod
paghabol , paghabol
paghagit , paghagit
paghagos , paghagos
paghakhak , paghakhak
paghalad , paghalad
paghalhal , paghalhal
paghalukhok , paghalukhok
paghampang , paghampang
paghanap , paghanap
paghanaw , paghanaw
paghangkop , paghangkop
paghaplos , paghaplos
paghapyod , paghapyod
pagharampag , pagharampag
paghatos , paghatos
paghigin , paghigin
paghiko , paghiko
paghila , paghila
pag-himangraw , pag-himangraw
paghimarading-pading , paghimarading-pading
paghimos , paghimos
pag-himugso , pag-himugso
paghinambog , paghinambog
paghinayon , paghinayon
paghingod-hingod , paghingod-hingod
paghinis , paghinis
paghinubya , paghinubya
paghipausa , paghipausa
paghirog , paghirog
paghitinga , paghitinga
paghi-uliay , paghi-uliay
paghubo , paghubo
paghudag , paghudag
paghugar , paghugar
paghugay , paghugay
paghulat hin panahon , paghulat hin panahon
paghulog , paghulog
paghuman , paghuman
paghunahuna , paghunahuna
paghungit , paghungit
paghuni , paghuni
paghunta , paghunta
paghupol , paghupol
paghutak , paghutak
pag-ikag , pag-ikag
pagimpisar , pagimpisar
pag-inaw , pag-inaw
pag-ingkib , pag-ingkib
pag-ino-ino , pag-ino-ino
pag-intrimis , pag-intrimis
pag-isip , pag-isip
pag-isol , pag-isol
pag-istambay , pag-istambay
pag-istorya , pag-istorya
pag-iwas , pag-iwas
pagkaalo , pagkaalo
pagkaasya , pagkaasya
pagkabalik , pagkabalik
pagkabingkil , pagkabingkil
pagkabudlay , pagkabudlay
pagkagud , pagkagud
pagkalagiw , pagkalagiw
pagkalasag , pagkalasag
pagkalat , pagkalat
pagkamang , pagkamang
pagkamkam , pagkamkam
pagkarinyo , pagkarinyo
pag-karkulo , pag-karkulo
pagkaruskos , pagkaruskos
pagkatuhay , pagkatuhay
pagkaurit , pagkaurit
pagkausa , pagkausa
pagkawara-sarig , pagkawara-sarig
pagkawaray-tapod , pagkawaray-tapod
pagkawil , pagkawil
pagkingking , pagkingking
pagkinita , pagkinita
pagkisi , pagkisi
pagkiskis , pagkiskis
pagkitkit , pagkitkit
pagkontrolar , pagkontrolar
pagkopya , pagkopya
pagkudkod , pagkudkod
pagkuha , pagkuha
pagkundog , pagkundog
pagkunokuno , pagkunokuno
pagkupkop , pagkupkop
pagkurumog , pagkurumog
pagkuskos , pagkuskos
pagkusnit , pagkusnit
pag-kusnit , pag-kusnit
paglabar , paglabar
paglabaw , paglabaw
paglagapak , paglagapak
paglaglag , paglaglag
paglakat , paglakat
paglakaton , paglakaton
paglalaktan , paglalaktan
paglampos , paglampos
paglanat , paglanat
paglantugi , paglantugi
paglapdos , paglapdos
paglarang , paglarang
paglarga , paglarga
paglaris , paglaris
paglatub , paglatub
paglayog , paglayog
paglibak , paglibak
paglibog , paglibog
paglibre , paglibre
paglibwat , paglibwat
pagligot , pagligot
paglikdo , paglikdo
paglimbasog , paglimbasog
paglipong , paglipong
pag-liwan , pag-liwan
pagliwat , pagliwat
pagliwat-liwat , pagliwat-liwat
pag-lubas , pag-lubas
pagludgod , pagludgod
paglugapak , paglugapak
paglugaring , paglugaring
paglugipik , paglugipik
paglumon , paglumon
pag-luok , pag-luok
paglupaglupog , paglupaglupog
paglupog , paglupog
paglupog-lupog , paglupog-lupog
pagluwa , pagluwa
pagmakmak , pagmakmak
pagmalaigo , pagmalaigo
pagmaldisyon , pagmaldisyon
pagmaneho , pagmaneho
pag-maneho , pag-maneho
pagmarka , pagmarka
pagmayuyo , pagmayuyo
pagmolestya , pagmolestya
pagmulay , pagmulay
pagnusnos , pagnusnos
pag-obserba , pag-obserba
pagpaandar , pagpaandar
pagpaaras , pagpaaras
pagpabug-at , pagpabug-at
pagpadag , pagpadag
pagpahalaba , pagpahalaba
pagpahibaro , pagpahibaro
pagpahot , pagpahot
pagpahugpoy , pagpahugpoy
pag-paimportanti , pag-paimportanti
pagpakaon , pagpakaon
pagpakaurit , pagpakaurit
pagpakiana , pagpakiana
pagpakimaluoy , pagpakimaluoy
pagpakimaluoy , pagpakimaluoy
pagpalagiw , pagpalagiw
pag-palahan , pag-palahan
pagpalakpak , pagpalakpak
pagpalango , pagpalango
pagpalin , pagpalin
pag-palsipikaw , pag-palsipikaw
pagpalta , pagpalta
pagpanibalos , pagpanibalos
pagparigo , pagparigo
pagparukot , pagparukot
pagpasa , pagpasa
pagpasagdan , pagpasagdan
pagpas-an , pagpas-an
pagpasar , pagpasar
pagpasaylo , pagpasaylo
pagpaurit , pagpaurit
pagpausa , pagpausa
pagpautang , pagpautang
pagpawhas , pagpawhas
pagperhisyo , pagperhisyo
pagpiit , pagpiit
pag-pilak , pag-pilak
pagpinsar , pagpinsar
pagpirdi , pagpirdi
pagpiyak , pagpiyak
pag-piyar , pag-piyar
pagpresentar , pagpresentar
pagpugong , pagpugong
pagpukaw , pagpukaw
pag-pungot , pag-pungot
pagpuo , pagpuo
pagpurak , pagpurak
pagpuruko , pagpuruko
pagpusa , pagpusa
pag-rabot , pag-rabot
pagrangka , pagrangka
pagrapo , pagrapo
pagrason , pagrason
pagraugdaug , pagraugdaug
pag-raugdaug , pag-raugdaug
pagrayhak , pagrayhak
pagretira , pagretira
pagrituba , pagrituba
pagruba , pagruba
pagruhaduha , pagruhaduha
pagsabak , pagsabak
pagsab-it , pagsab-it
pag-sablay , pag-sablay
pagsakingking , pagsakingking
pagsakripisyo , pagsakripisyo
pagsalbar , pagsalbar
pagsalikway , pagsalikway
pagsaliwan , pagsaliwan
pagsalto , pagsalto
pagsamok , pagsamok
pagsampak , pagsampak
pagsangpit , pagsangpit
pagsanib , pagsanib
pagsanko , pagsanko
pagsaping , pagsaping
pagsapong , pagsapong
pagsari , pagsari
pagsibat , pagsibat
pagsimhot , pagsimhot
pagsindi , pagsindi
pagsipa , pagsipa
pagsobra hin kusog , pagsobra hin kusog
pagsudyot , pagsudyot
pagsugat , pagsugat
pagsugay , pagsugay
pag-sugay , pag-sugay
pagsugmat , pagsugmat
pagsugpo , pagsugpo
pagsugpo , pagsugpo
pagsugpo , pagsugpo
pagsulabi , pagsulabi
pagsulod , pagsulod
pagsuma , pagsuma
pagsumpay , pagsumpay
pagsunod , pagsunod
pagsuntok , pagsuntok
pagsupak , pagsupak
pagsuray , pagsuray
pagsurog-surog , pagsurog-surog
pagsuway , pagsuway
pagsweldo , pagsweldo
pagtabas , pagtabas
pagtabog , pagtabog
pagtagad , pagtagad
pagtagik , pagtagik
pagtahas , pagtahas
pagtahod , pagtahod
pagtakgus , pagtakgus
pagtakip , pagtakip
pagtaktak , pagtaktak
pagtalinguha , pagtalinguha
pagtalwas , pagtalwas
pagtamos-tamos , pagtamos-tamos
pagtanggal , pagtanggal
pagtangpos , pagtangpos
pagtangtang , pagtangtang
pagtanom ha hunahuna , pagtanom ha hunahuna
pagtapo , pagtapo
pagtapotapo , pagtapotapo
pagtiaw , pagtiaw
pagtibaw , pagtibaw
pagtibhang , pagtibhang
pagtigaman , pagtigaman
pag-tigaman , pag-tigaman
pagtigi , pagtigi
pagtig-ob , pagtig-ob
pagtikod , pagtikod
pagtiktik , pagtiktik
pagtilaw , pagtilaw
pagtimpag , pagtimpag
pagtimpo , pagtimpo
pagtinguha , pagtinguha
pagtingyay , pagtingyay
pag-tipik , pag-tipik
pagtirimpo , pagtirimpo
pagtirimpo , pagtirimpo
pag-trabaho , pag-trabaho
pag-trapo , pag-trapo
pagtubong , pagtubong
pagtuboy , pagtuboy
pagtudol , pagtudol
pagtugol , pagtugol
pagtugon , pagtugon
pagtukal , pagtukal
pagtuklin , pagtuklin
pagtukob , pagtukob
pagtukso , pagtukso
pagtultog , pagtultog
pagtum-a , pagtum-a
pagtuman , pagtuman
pagtundog , pagtundog
pagtungway , pagtungway
pagturos , pagturos
pagturun-an , pagturun-an
pagtutok , pagtutok
pag-udoy-udoy , pag-udoy-udoy
pag-ugdok , pag-ugdok
pag-ulbo , pag-ulbo
pag-uli , pag-uli
pag-ulwa , pag-ulwa
pag-umpok , pag-umpok
pag-ungara , pag-ungara
pag-unlok , pag-unlok
pag-untong , pag-untong
pag-urusa , pag-urusa
pag-uruutro , pag-uruutro
pag-usoy , pag-usoy
pag-utang , pag-utang
pag-utod , pag-utod
pagwagsing , pagwagsing
pagwalas , pagwalas
pagwaring , pagwaring
pagwatak , pagwatak
pagwaydong , pagwaydong
pagyaag , pagyaag
pagyabo , pagyabo
pagyakan , pagyakan
pagyakyak , pagyakyak
pagyudyod , pagyudyod
pahalipay , pahalipay
pahibaro , pahibaro
paketi , paketi
pakigbingkil , pakigbingkil
pakigdait , pakigdait
palakpak , palakpak
palsipikado , palsipikado
palwais surab , palwais surab
pamati , pamati
pamati , pamati
pamiling , pamiling
pamilyar , pamilyar
pandok , pandok
pangamuyo , pangamuyo
pangamuyo , pangamuyo
panginabuhi , panginabuhi
panginano , panginano
panginsayod , panginsayod
panginyupo , panginyupo
pangita , pangita
pangiyupo , pangiyupo
panhimuwa , panhimuwa
panlimos , panlimos
panuigon , panuigon
panumdoman , panumdoman
panumpa , panumpa
panungog , panungog
panurundon , panurundon
papliton , papliton
paradaog , paradaog
paralista , paralista
parapaandar , parapaandar
parapanganop , parapanganop
parasurat , parasurat
paratintar , paratintar
pareho , pareho
parugmok , parugmok
pasalugsogan , pasalugsogan
pasambingay , pasambingay
pasangil , pasangil
paskin , paskin
paso , paso
paspas , paspas
pasundayag , pasundayag
patubtoban , patubtoban
patusak , patusak
paubsanon , paubsanon
paura , paura
pikas , pikas
pikit , pikit
pilya , pilya
pinakahitaas , pinakahitaas
pinakamaupay , pinakamaupay
pinulongan , pinulongan
pisaw , pisaw
piyer , piyer
poblasyon , poblasyon
politika , politika
premyo , premyo
presko , presko
primero , primero
probar , probar
pruyba , pruyba
pugita , pugita
pugita , pugita
puhunan , puhunan
pukis , pukis
pukol , pukol
pulo , pulo
pundir , pundir
pundok , pundok
puplunganon , puplunganon
pustorawo , pustorawo
rahol , rahol
ranggat , ranggat
rawadaw , rawadaw
resiko , resiko
rinangkitan , rinangkitan
ripot , ripot
risyo , risyo
rumbo , rumbo
rumol , rumol
sagdi , sagdi
sagwil , sagwil
sakati , sakati
saladang , saladang
salana , salana
salbahi , salbahi
saliko , saliko
salingkapaw , salingkapaw
salipod , salipod
sampaw , sampaw
samwak , samwak
sanag , sanag
sandag , sandag
sangad , sangad
sangko , sangko
saputok , saputok
sarandag , sarandag
sayawan , sayawan
semilya , semilya
sentensya , sentensya
sibbot , sibbot
sibo , sibo
siga , siga
sigad , sigad
siglo , siglo
signos , signos
sikat , sikat
sinabotan , sinabotan
singgit , singgit
sintas , sintas
si-ot , si-ot
siplat , siplat
sirino , sirino
sirot , sirot
sora , sora
subay , subay
sugang , sugang
sugangan , sugangan
suhol , suhol
sukli , sukli
sulhog , sulhog
sulog , sulog
sunit , sunit
supak han balaud , supak han balaud
supo , supo
surod , surod
surubdan , surubdan
suruklan , suruklan
surundanon , surundanon
susbaranan , susbaranan
sutil , sutil
tabang , tabang
tabon , tabon
taga-pwesto , taga-pwesto
tagmaneho , tagmaneho
tagpalakat , tagpalakat
tahob , tahob
takop , takop
takos , takos
talikuran , talikuran
talon , talon
talwas , talwas
tama , tama
tambulig , tambulig
tampak , tampak
tangkal , tangkal
tangnan , tangnan
taong , taong
tapos , tapos
tarom , tarom
taya , taya
tayod , tayod
teksto , teksto
tibway , tibway
tigurang , tigurang
timba , timba
timbi , timbi
tinakipan , tinakipan
tinugkopan , tinugkopan
tinuod nga mga pulong , tinuod nga mga pulong
toril , toril
trabaho , trabaho
tugas , tugas
tugbang , tugbang
tulapos , tulapos
tul-id , tul-id
tulos , tulos
tunga , tunga
tupad , tupad
tupong , tupong
turab , turab
turong , turong
turopong , turopong
turundogan , turundogan
tuyo , tuyo
ubos , ubos
udong , udong
uga , uga
uging , uging
uhong , uhong
ukoy , ukoy
ulang , ulang
ulo-ulo , ulo-ulo
uma , uma
umal , umal
una , una
unas , unas
ungara , ungara
unina , unina
unob , unob
unta , unta
upa , upa
ura-ura , ura-ura
uwas , uwas
uyag , uyag
uyon han balaud , uyon han balaud
wada , wada
wait , wait
wakwak , wakwak
waray bali , waray bali
waray gamit , waray gamit
waray gamit , waray gamit
waray hunong , waray hunong
waray kapareho , waray kapareho
waray katanding , waray katanding
waray katapusan , waray katapusan
waray pulos , waray pulos
waray pulos , waray pulos
waray ukoy , waray ukoy
waray-waray , waray-waray
wutok , wutok
yamu-it , yamu-it
yawyaw , yawyaw